epoch,train_loss,test_loss
1,4.708377980474216,4.680687665939331
2,4.603806375694681,4.655775249004364
3,4.56888227218758,4.627630054950714
4,4.557746149075311,4.640040934085846
5,4.5460026543786025,4.612886428833008
6,4.542119752115278,4.598690927028656
7,4.536635805548889,4.6035332679748535
8,4.532669985472267,4.630649924278259
9,4.527797252638762,4.601846277713776
10,4.531097698821696,4.583434343338013
