epoch,train_loss,test_loss
1,4.697159693947733,4.691820740699768
2,4.586258173497247,4.638946235179901
3,4.571892449596543,4.700084090232849
4,4.5611054566877485,4.636739909648895
5,4.5656823562914886,4.670464992523193
6,4.567606405408652,4.652596175670624
7,4.5804018994638405,4.636110782623291
8,4.571064954119196,4.663625597953796
9,4.5720713306337535,4.660550653934479
10,4.578897249469879,4.6318342089653015
