epoch,train_loss,test_loss
1,4.769852265111927,4.725549757480621
2,4.633536976283547,4.661986827850342
3,4.602335072783773,4.653520703315735
4,4.582757613297973,4.645433068275452
5,4.570853962318729,4.620772480964661
6,4.562963270175177,4.64544153213501
7,4.560496153353628,4.637352287769318
8,4.552791020000921,4.617254972457886
9,4.551056307770296,4.622635126113892
10,4.547238020500394,4.612269282341003
